{
  "__id__": "ExperimentList", 
  "experiment": [
    {
      "__id__": "Experiment", 
      "beam": 0, 
      "detector": 0, 
      "goniometer": 0, 
      "scan": 0, 
      "crystal": 0, 
      "imageset": 0
    }, 
    {
      "__id__": "Experiment", 
      "beam": 0, 
      "detector": 0, 
      "goniometer": 0, 
      "scan": 0, 
      "crystal": 1, 
      "imageset": 0
    }
  ], 
  "imageset": [
    {
      "__id__": "ImageSweep", 
      "template": "/data1/gw56/i24-poly/mx8423-66/CPV17/data/xtal116_1_####.cbf"
    }
  ], 
  "beam": [
    {
      "direction": [
        -0.0032138355684753726, 
        -0.0, 
        0.9999948356171341
      ], 
      "polarization_normal": [
        0.0, 
        1.0, 
        0.0
      ], 
      "divergence": 0.0, 
      "polarization_fraction": 0.999, 
      "sigma_divergence": 0.0, 
      "wavelength": 0.96863
    }
  ], 
  "detector": [
    {
      "panels": [
        {
          "origin": [
            -215.4159699514763, 
            224.7034698334131, 
            -512.0031275814966
          ], 
          "fast_axis": [
            0.9999814800500479, 
            0.0007442150767327236, 
            0.006040339463595499
          ], 
          "name": "Panel", 
          "slow_axis": [
            0.0007523841926738932, 
            -0.9999988053478465, 
            -0.0013502669760327994
          ], 
          "mask": [
            [
              488, 
              1, 
              494, 
              2527
            ], 
            [
              982, 
              1, 
              988, 
              2527
            ], 
            [
              1476, 
              1, 
              1482, 
              2527
            ], 
            [
              1970, 
              1, 
              1976, 
              2527
            ], 
            [
              1, 
              196, 
              2463, 
              212
            ], 
            [
              1, 
              408, 
              2463, 
              424
            ], 
            [
              1, 
              620, 
              2463, 
              636
            ], 
            [
              1, 
              832, 
              2463, 
              848
            ], 
            [
              1, 
              1044, 
              2463, 
              1060
            ], 
            [
              1, 
              1256, 
              2463, 
              1272
            ], 
            [
              1, 
              1468, 
              2463, 
              1484
            ], 
            [
              1, 
              1680, 
              2463, 
              1696
            ], 
            [
              1, 
              1892, 
              2463, 
              1908
            ], 
            [
              1, 
              2104, 
              2463, 
              2120
            ], 
            [
              1, 
              2316, 
              2463, 
              2332
            ]
          ], 
          "trusted_range": [
            -1.0, 
            1810897.0
          ], 
          "image_size": [
            2463, 
            2527
          ], 
          "px_mm_strategy": {
            "type": "ParallaxCorrectedPxMmStrategy"
          }, 
          "type": "SENSOR_PAD", 
          "pixel_size": [
            0.17200000000000001, 
            0.17200000000000001
          ]
        }
      ]
    }
  ], 
  "goniometer": [
    {
      "fixed_rotation": [
        1.0, 
        0.0, 
        0.0, 
        0.0, 
        1.0, 
        0.0, 
        0.0, 
        0.0, 
        1.0
      ], 
      "rotation_axis": [
        1.0, 
        0.0, 
        0.0
      ]
    }
  ], 
  "scan": [
    {
      "exposure_time": [
        1.5, 
        1.5, 
        1.5, 
        1.5, 
        1.5, 
        1.5, 
        1.5, 
        1.5, 
        1.5, 
        1.5, 
        1.5, 
        1.5, 
        1.5, 
        1.5, 
        1.5, 
        1.5, 
        1.5, 
        1.5, 
        1.5, 
        1.5
      ], 
      "epochs": [
        1369008969.0, 
        1369008970.0, 
        1369008972.0, 
        1369008973.0, 
        1369008975.0, 
        1369008976.0, 
        1369008978.0, 
        1369008979.0, 
        1369008981.0, 
        1369008982.0, 
        1369008984.0, 
        1369008985.0, 
        1369008987.0, 
        1369008988.0, 
        1369008990.0, 
        1369008991.0, 
        1369008993.0, 
        1369008994.0, 
        1369008996.0, 
        1369008997.0
      ], 
      "image_range": [
        1, 
        20
      ], 
      "oscillation": [
        205.0, 
        0.05
      ]
    }
  ], 
  "crystal": [
    {
      "__id__": "crystal", 
      "real_space_a": [
        -5.660637418377121, 
        -73.67566330668105, 
        -53.0533248530806
      ], 
      "real_space_b": [
        35.824173488252235, 
        -23.16754030482523, 
        80.34111729205765
      ], 
      "real_space_c": [
        -83.13591902498719, 
        34.65702262863969, 
        12.732289975372947
      ], 
      "space_group_hall_symbol": " I 2 2 3 (y+z,x+z,x+y)", 
      "mosaicity": 0.0
    }, 
    {
      "__id__": "crystal", 
      "real_space_a": [
        48.47963523638053, 
        -26.532711668199838, 
        72.36113792992369
      ], 
      "real_space_b": [
        -13.804099897165992, 
        -71.20031503221692, 
        -55.048670001880126
      ], 
      "real_space_c": [
        45.558314174538744, 
        64.74915956672528, 
        -44.97088445439502
      ], 
      "space_group_hall_symbol": " I 2 2 3 (y+z,x+z,x+y)", 
      "mosaicity": 0.0
    }
  ]
}