{
  "__id__": "ExperimentList", 
  "experiment": [
    {
      "__id__": "Experiment", 
      "beam": 0, 
      "detector": 0, 
      "goniometer": 0, 
      "scan": 0, 
      "crystal": 0, 
      "imageset": 0
    }, 
    {
      "__id__": "Experiment", 
      "beam": 0, 
      "detector": 0, 
      "goniometer": 0, 
      "scan": 0, 
      "crystal": 1, 
      "imageset": 0
    }
  ], 
  "imageset": [
    {
      "__id__": "ImageSweep", 
      "template": "/data1/gw56/i24-poly/mx8423-66/CPV17/data2/xtal155_1_####.cbf"
    }
  ], 
  "beam": [
    {
      "direction": [
        -0.0032138355684753726, 
        -0.0, 
        0.9999948356171341
      ], 
      "polarization_normal": [
        0.0, 
        1.0, 
        0.0
      ], 
      "divergence": 0.0, 
      "polarization_fraction": 0.999, 
      "sigma_divergence": 0.0, 
      "wavelength": 0.96863
    }
  ], 
  "detector": [
    {
      "panels": [
        {
          "origin": [
            -215.4159699514763, 
            224.7034698334131, 
            -512.0031275814966
          ], 
          "fast_axis": [
            0.9999814800500479, 
            0.0007442150767327236, 
            0.006040339463595499
          ], 
          "name": "Panel", 
          "slow_axis": [
            0.0007523841926738932, 
            -0.9999988053478465, 
            -0.0013502669760327994
          ], 
          "mask": [
            [
              488, 
              1, 
              494, 
              2527
            ], 
            [
              982, 
              1, 
              988, 
              2527
            ], 
            [
              1476, 
              1, 
              1482, 
              2527
            ], 
            [
              1970, 
              1, 
              1976, 
              2527
            ], 
            [
              1, 
              196, 
              2463, 
              212
            ], 
            [
              1, 
              408, 
              2463, 
              424
            ], 
            [
              1, 
              620, 
              2463, 
              636
            ], 
            [
              1, 
              832, 
              2463, 
              848
            ], 
            [
              1, 
              1044, 
              2463, 
              1060
            ], 
            [
              1, 
              1256, 
              2463, 
              1272
            ], 
            [
              1, 
              1468, 
              2463, 
              1484
            ], 
            [
              1, 
              1680, 
              2463, 
              1696
            ], 
            [
              1, 
              1892, 
              2463, 
              1908
            ], 
            [
              1, 
              2104, 
              2463, 
              2120
            ], 
            [
              1, 
              2316, 
              2463, 
              2332
            ]
          ], 
          "trusted_range": [
            -1.0, 
            1810897.0
          ], 
          "image_size": [
            2463, 
            2527
          ], 
          "px_mm_strategy": {
            "type": "ParallaxCorrectedPxMmStrategy"
          }, 
          "type": "SENSOR_PAD", 
          "pixel_size": [
            0.17200000000000001, 
            0.17200000000000001
          ]
        }
      ]
    }
  ], 
  "goniometer": [
    {
      "fixed_rotation": [
        1.0, 
        0.0, 
        0.0, 
        0.0, 
        1.0, 
        0.0, 
        0.0, 
        0.0, 
        1.0
      ], 
      "rotation_axis": [
        1.0, 
        0.0, 
        0.0
      ]
    }
  ], 
  "scan": [
    {
      "exposure_time": [
        1.0, 
        1.0, 
        1.0, 
        1.0, 
        1.0, 
        1.0, 
        1.0, 
        1.0, 
        1.0, 
        1.0, 
        1.0, 
        1.0, 
        1.0, 
        1.0, 
        1.0, 
        1.0, 
        1.0, 
        1.0, 
        1.0, 
        1.0
      ], 
      "epochs": [
        1369015000.0, 
        1369015001.0, 
        1369015002.0, 
        1369015003.0, 
        1369015004.0, 
        1369015005.0, 
        1369015006.0, 
        1369015007.0, 
        1369015008.0, 
        1369015009.0, 
        1369015010.0, 
        1369015011.0, 
        1369015012.0, 
        1369015013.0, 
        1369015014.0, 
        1369015015.0, 
        1369015016.0, 
        1369015017.0, 
        1369015018.0, 
        1369015019.0
      ], 
      "image_range": [
        1, 
        20
      ], 
      "oscillation": [
        204.5, 
        0.05
      ]
    }
  ], 
  "crystal": [
    {
      "__id__": "crystal", 
      "real_space_a": [
        -49.452798707007254, 
        -3.244421421182204, 
        -76.32217685572893
      ], 
      "real_space_b": [
        81.27901002329607, 
        -38.12612602387078, 
        -14.876198921634074
      ], 
      "real_space_c": [
        -43.1460180380587, 
        -45.35140098624261, 
        66.05188722781294
      ], 
      "space_group_hall_symbol": " I 2 2 3 (y+z,x+z,x+y)", 
      "mosaicity": 0.0
    }, 
    {
      "__id__": "crystal", 
      "real_space_a": [
        -72.98482069582259, 
        29.097295235333526, 
        -45.858329614804454
      ], 
      "real_space_b": [
        -13.269114572993027, 
        12.397791325270846, 
        89.14397571220063
      ], 
      "real_space_c": [
        73.23100879059655, 
        46.979673523597846, 
        -26.58105837248246
      ], 
      "space_group_hall_symbol": " I 2 2 3 (y+z,x+z,x+y)", 
      "mosaicity": 0.0
    }
  ]
}