{
  "__id__": "ExperimentList", 
  "experiment": [
    {
      "__id__": "Experiment", 
      "beam": 0, 
      "detector": 0, 
      "goniometer": 0, 
      "scan": 0, 
      "crystal": 0, 
      "imageset": 0
    }, 
    {
      "__id__": "Experiment", 
      "beam": 0, 
      "detector": 0, 
      "goniometer": 0, 
      "scan": 0, 
      "crystal": 1, 
      "imageset": 0
    }
  ], 
  "imageset": [
    {
      "__id__": "ImageSweep", 
      "template": "/data1/gw56/i24-poly/mx8423-66/CPV17/data3/xtal235_1_####.cbf"
    }
  ], 
  "beam": [
    {
      "direction": [
        -0.0032138355684753726, 
        -0.0, 
        0.9999948356171341
      ], 
      "polarization_normal": [
        0.0, 
        1.0, 
        0.0
      ], 
      "divergence": 0.0, 
      "polarization_fraction": 0.999, 
      "sigma_divergence": 0.0, 
      "wavelength": 0.96863
    }
  ], 
  "detector": [
    {
      "panels": [
        {
          "origin": [
            -215.4159699514763, 
            224.7034698334131, 
            -512.0031275814966
          ], 
          "fast_axis": [
            0.9999814800500479, 
            0.0007442150767327236, 
            0.006040339463595499
          ], 
          "name": "Panel", 
          "slow_axis": [
            0.0007523841926738932, 
            -0.9999988053478465, 
            -0.0013502669760327994
          ], 
          "mask": [
            [
              488, 
              1, 
              494, 
              2527
            ], 
            [
              982, 
              1, 
              988, 
              2527
            ], 
            [
              1476, 
              1, 
              1482, 
              2527
            ], 
            [
              1970, 
              1, 
              1976, 
              2527
            ], 
            [
              1, 
              196, 
              2463, 
              212
            ], 
            [
              1, 
              408, 
              2463, 
              424
            ], 
            [
              1, 
              620, 
              2463, 
              636
            ], 
            [
              1, 
              832, 
              2463, 
              848
            ], 
            [
              1, 
              1044, 
              2463, 
              1060
            ], 
            [
              1, 
              1256, 
              2463, 
              1272
            ], 
            [
              1, 
              1468, 
              2463, 
              1484
            ], 
            [
              1, 
              1680, 
              2463, 
              1696
            ], 
            [
              1, 
              1892, 
              2463, 
              1908
            ], 
            [
              1, 
              2104, 
              2463, 
              2120
            ], 
            [
              1, 
              2316, 
              2463, 
              2332
            ]
          ], 
          "trusted_range": [
            -1.0, 
            1810897.0
          ], 
          "image_size": [
            2463, 
            2527
          ], 
          "px_mm_strategy": {
            "type": "ParallaxCorrectedPxMmStrategy"
          }, 
          "type": "SENSOR_PAD", 
          "pixel_size": [
            0.17200000000000001, 
            0.17200000000000001
          ]
        }
      ]
    }
  ], 
  "goniometer": [
    {
      "fixed_rotation": [
        1.0, 
        0.0, 
        0.0, 
        0.0, 
        1.0, 
        0.0, 
        0.0, 
        0.0, 
        1.0
      ], 
      "rotation_axis": [
        1.0, 
        0.0, 
        0.0
      ]
    }
  ], 
  "scan": [
    {
      "exposure_time": [
        1.0, 
        1.0, 
        1.0, 
        1.0, 
        1.0, 
        1.0, 
        1.0, 
        1.0, 
        1.0, 
        1.0, 
        1.0, 
        1.0, 
        1.0, 
        1.0, 
        1.0, 
        1.0, 
        1.0, 
        1.0, 
        1.0, 
        1.0
      ], 
      "epochs": [
        1369021506.0, 
        1369021507.0, 
        1369021508.0, 
        1369021509.0, 
        1369021510.0, 
        1369021511.0, 
        1369021512.0, 
        1369021513.0, 
        1369021514.0, 
        1369021515.0, 
        1369021516.0, 
        1369021517.0, 
        1369021518.0, 
        1369021519.0, 
        1369021520.0, 
        1369021521.0, 
        1369021522.0, 
        1369021523.0, 
        1369021524.0, 
        1369021525.0
      ], 
      "image_range": [
        1, 
        20
      ], 
      "oscillation": [
        204.5, 
        0.05
      ]
    }
  ], 
  "crystal": [
    {
      "__id__": "crystal", 
      "real_space_a": [
        41.589954888437234, 
        17.363859447166615, 
        -79.14956412251013
      ], 
      "real_space_b": [
        -78.55078715099411, 
        45.952612575509804, 
        3.7433539441070844
      ], 
      "real_space_c": [
        53.68107815612724, 
        25.976567936856526, 
        68.84359977168668
      ], 
      "space_group_hall_symbol": " I 2 2 3 (y+z,x+z,x+y)", 
      "mosaicity": 0.0
    }, 
    {
      "__id__": "crystal", 
      "real_space_a": [
        60.93838037522076, 
        5.201077259950213, 
        67.4583243910927
      ], 
      "real_space_b": [
        -31.46133639257975, 
        -85.23863578947623, 
        -5.976806690442071
      ], 
      "real_space_c": [
        39.65418875542314, 
        23.297501016694287, 
        -78.58711534087091
      ], 
      "space_group_hall_symbol": " I 2 2 3 (y+z,x+z,x+y)", 
      "mosaicity": 0.0
    }
  ]
}