{
  "__id__": "crystal", 
  "real_space_a": [ 35.23781811553089, -7.600614003857873, 22.077690418635804 ], 
  "real_space_b": [ -22.657129890916668, -1.4698317405529955, 35.65693038892429
    ], 
  "real_space_c": [ -5.295803077552249, -38.99952334925477, -4.972795822746061 ], 
  "space_group_hall_symbol": " P 4 2", 
  "mosaicity": 0.157
}