{
  "__id__": "ExperimentList", 
  "experiment": [
    {
      "__id__": "Experiment", 
      "beam": 0, 
      "detector": 0, 
      "goniometer": 0, 
      "scan": 0, 
      "crystal": 0, 
      "imageset": 0
    }
  ], 
  "imageset": [
    {
      "__id__": "ImageSweep", 
      "template": "centroid_####.cbf",
      "mask" : "lookup_mask_does_not_exist.pickle",
      "gain" : "lookup_gain_does_not_exist.pickle",
      "pedestal" : "lookup_pedestal_does_not_exist.pickle"
    }
  ], 
  "beam": [
    {
      "direction": [
        -0.007852057721998333, 
        3.772524827250213e-14, 
        0.9999691721195861
      ], 
      "polarization_normal": [
        0.0, 
        1.0, 
        0.0
      ], 
      "divergence": 0.0, 
      "polarization_fraction": 0.999, 
      "sigma_divergence": 0.058, 
      "wavelength": 0.9795
    }
  ], 
  "detector": [
    {
      "panels": [
        {
          "origin": [
            -211.53596470096178, 
            219.45303890619488, 
            -192.7062494437063
          ], 
          "fast_axis": [
            0.9999551354884303, 
            0.0021159302715049923, 
            0.009233084500921031
          ], 
          "name": "Panel", 
          "slow_axis": [
            0.0021250002879257116, 
            -0.999997269169901, 
            -0.0009726389448611214
          ], 
          "mask": [], 
          "trusted_range": [
            -1.0, 
            495976.0
          ], 
          "image_size": [
            2463, 
            2527
          ], 
          "px_mm_strategy": {
            "type": "ParallaxCorrectedPxMmStrategy"
          }, 
          "type": "SENSOR_UNKNOWN", 
          "pixel_size": [
            0.172, 
            0.172
          ]
        }
      ]
    }
  ], 
  "goniometer": [
    {
      "fixed_rotation": [
        1.0, 
        0.0, 
        0.0, 
        0.0, 
        1.0, 
        0.0, 
        0.0, 
        0.0, 
        1.0
      ], 
      "rotation_axis": [
        1.0, 
        -1.5919306617286774e-16, 
        -6.904199434387693e-16
      ]
    }
  ], 
  "scan": [
    {
      "exposure_time": [
        0.2, 
        0.2, 
        0.2, 
        0.2, 
        0.2, 
        0.2, 
        0.2, 
        0.2, 
        0.2
      ], 
      "epochs": [
        1360324992.0, 
        1360324992.0, 
        1360324993.0, 
        1360324993.0, 
        1360324993.0, 
        1360324993.0, 
        1360324993.0, 
        1360324994.0, 
        1360324994.0
      ], 
      "image_range": [
        1, 
        9
      ], 
      "oscillation": [
        0.0, 
        0.2
      ]
    }
  ], 
  "crystal": [
    {
      "__id__": "crystal", 
      "real_space_a": [
        35.23781811553089, 
        -7.600614003857873, 
        22.077690418635804
      ], 
      "real_space_b": [
        -22.657129890916668, 
        -1.4698317405529955, 
        35.65693038892429
      ], 
      "real_space_c": [
        -5.295803077552249, 
        -38.99952334925477, 
        -4.972795822746061
      ], 
      "space_group_hall_symbol": " P 4 2", 
      "mosaicity": 0.157
    }
  ]
}
