{
  "__id__": "imageset", 
  "template": "centroid_####.cbf", 
  "beam": {
    "direction": [
      -0.007852057721998333, 
      3.772524827250213e-14, 
      0.9999691721195861
    ], 
    "polarization_normal": [
      0.0, 
      1.0, 
      0.0
    ], 
    "divergence": 0.0, 
    "polarization_fraction": 0.999, 
    "sigma_divergence": 0.058, 
    "wavelength": 0.9795
  }, 
  "detector": {
    "panels": [
      {
        "origin": [
          -211.53596470096178, 
          219.45303890619488, 
          -192.7062494437063
        ], 
        "fast_axis": [
          0.9999551354884303, 
          0.0021159302715049923, 
          0.009233084500921031
        ], 
        "name": "Panel", 
        "slow_axis": [
          0.0021250002879257116, 
          -0.999997269169901, 
          -0.0009726389448611214
        ], 
        "mask": [], 
        "trusted_range": [
          0.0, 
          0.0
        ], 
        "image_size": [
          2463, 
          2527
        ], 
        "type": "SENSOR_UNKNOWN", 
        "pixel_size": [
          0.172, 
          0.172
        ]
      }
    ]
  }, 
  "goniometer": {
    "fixed_rotation": [
      1.0, 
      0.0, 
      0.0, 
      0.0, 
      1.0, 
      0.0, 
      0.0, 
      0.0, 
      1.0
    ], 
    "rotation_axis": [
      1.0, 
      -1.5919306617286774e-16, 
      -6.904199434387693e-16
    ]
  }, 
  "scan": {
    "exposure_time": [
      0.2, 
      0.2, 
      0.2, 
      0.2, 
      0.2, 
      0.2, 
      0.2, 
      0.2, 
      0.2
    ], 
    "epochs": [
      1360324992.0, 
      1360324992.0, 
      1360324993.0, 
      1360324993.0, 
      1360324993.0, 
      1360324993.0, 
      1360324993.0, 
      1360324994.0, 
      1360324994.0
    ], 
    "image_range": [
      1, 
      9
    ], 
    "oscillation": [
      0.0, 
      0.2
    ]
  }
}
