{
  "__id__": "ExperimentList", 
  "experiment": [
    {
      "__id__": "Experiment", 
      "beam": 0, 
      "detector": 0, 
      "goniometer": 0, 
      "scan": 0, 
      "crystal": 0, 
      "imageset": 0
    }, 
    {
      "__id__": "Experiment", 
      "beam": 0, 
      "detector": 0, 
      "goniometer": 0, 
      "scan": 0, 
      "crystal": 1, 
      "imageset": 0
    }
  ], 
  "imageset": [
    {
      "__id__": "ImageSweep", 
      "template": "/data1/gw56/i24-poly/mx8423-66/CPV17/data3/xtal306_1_####.cbf"
    }
  ], 
  "beam": [
    {
      "direction": [
        -0.0032138355684753726, 
        -0.0, 
        0.9999948356171341
      ], 
      "polarization_normal": [
        0.0, 
        1.0, 
        0.0
      ], 
      "divergence": 0.0, 
      "polarization_fraction": 0.999, 
      "sigma_divergence": 0.0, 
      "wavelength": 0.96863
    }
  ], 
  "detector": [
    {
      "panels": [
        {
          "origin": [
            -215.4159699514763, 
            224.7034698334131, 
            -512.0031275814966
          ], 
          "fast_axis": [
            0.9999814800500479, 
            0.0007442150767327236, 
            0.006040339463595499
          ], 
          "name": "Panel", 
          "slow_axis": [
            0.0007523841926738932, 
            -0.9999988053478465, 
            -0.0013502669760327994
          ], 
          "mask": [
            [
              488, 
              1, 
              494, 
              2527
            ], 
            [
              982, 
              1, 
              988, 
              2527
            ], 
            [
              1476, 
              1, 
              1482, 
              2527
            ], 
            [
              1970, 
              1, 
              1976, 
              2527
            ], 
            [
              1, 
              196, 
              2463, 
              212
            ], 
            [
              1, 
              408, 
              2463, 
              424
            ], 
            [
              1, 
              620, 
              2463, 
              636
            ], 
            [
              1, 
              832, 
              2463, 
              848
            ], 
            [
              1, 
              1044, 
              2463, 
              1060
            ], 
            [
              1, 
              1256, 
              2463, 
              1272
            ], 
            [
              1, 
              1468, 
              2463, 
              1484
            ], 
            [
              1, 
              1680, 
              2463, 
              1696
            ], 
            [
              1, 
              1892, 
              2463, 
              1908
            ], 
            [
              1, 
              2104, 
              2463, 
              2120
            ], 
            [
              1, 
              2316, 
              2463, 
              2332
            ]
          ], 
          "trusted_range": [
            -1.0, 
            1810897.0
          ], 
          "image_size": [
            2463, 
            2527
          ], 
          "px_mm_strategy": {
            "type": "ParallaxCorrectedPxMmStrategy"
          }, 
          "type": "SENSOR_PAD", 
          "pixel_size": [
            0.17200000000000001, 
            0.17200000000000001
          ]
        }
      ]
    }
  ], 
  "goniometer": [
    {
      "fixed_rotation": [
        1.0, 
        0.0, 
        0.0, 
        0.0, 
        1.0, 
        0.0, 
        0.0, 
        0.0, 
        1.0
      ], 
      "rotation_axis": [
        1.0, 
        0.0, 
        0.0
      ]
    }
  ], 
  "scan": [
    {
      "exposure_time": [
        1.0, 
        1.0, 
        1.0, 
        1.0, 
        1.0, 
        1.0, 
        1.0, 
        1.0, 
        1.0, 
        1.0, 
        1.0, 
        1.0, 
        1.0, 
        1.0, 
        1.0, 
        1.0, 
        1.0, 
        1.0, 
        1.0, 
        1.0
      ], 
      "epochs": [
        1369028124.0, 
        1369028125.0, 
        1369028126.0, 
        1369028127.0, 
        1369028128.0, 
        1369028129.0, 
        1369028130.0, 
        1369028131.0, 
        1369028132.0, 
        1369028133.0, 
        1369028134.0, 
        1369028135.0, 
        1369028136.0, 
        1369028137.0, 
        1369028138.0, 
        1369028139.0, 
        1369028140.0, 
        1369028141.0, 
        1369028142.0, 
        1369028143.0
      ], 
      "image_range": [
        1, 
        20
      ], 
      "oscillation": [
        204.5, 
        0.05
      ]
    }
  ], 
  "crystal": [
    {
      "__id__": "crystal", 
      "real_space_a": [
        -31.210294655268342, 
        -53.78771148748411, 
        66.50871779734582
      ], 
      "real_space_b": [
        34.74586784423598, 
        75.97934173274565, 
        36.20047292765716
      ], 
      "real_space_c": [
        -68.35058702558965, 
        21.62981769347085, 
        -56.133396319668776
      ], 
      "space_group_hall_symbol": " I 2 2 3 (y+z,x+z,x+y)", 
      "mosaicity": 0.0
    }, 
    {
      "__id__": "crystal", 
      "real_space_a": [
        -60.50659955574332, 
        61.12498161965735, 
        29.381565640282723
      ], 
      "real_space_b": [
        44.20051835658979, 
        33.35035088515492, 
        -72.07396645199005
      ], 
      "real_space_c": [
        -43.16186594914792, 
        -76.41654829851844, 
        -23.62525854260124
      ], 
      "space_group_hall_symbol": " I 2 2 3 (y+z,x+z,x+y)", 
      "mosaicity": 0.0
    }
  ]
}