{
  "__id__": "ExperimentList", 
  "experiment": [
    {
      "__id__": "Experiment", 
      "beam": 0, 
      "detector": 0, 
      "goniometer": 0, 
      "scan": 0, 
      "crystal": 0, 
      "imageset": 0
    }, 
    {
      "__id__": "Experiment", 
      "beam": 0, 
      "detector": 0, 
      "goniometer": 0, 
      "scan": 0, 
      "crystal": 1, 
      "imageset": 0
    }
  ], 
  "imageset": [
    {
      "__id__": "ImageSweep", 
      "template": "/data1/gw56/i24-poly/mx8423-66/CPV17/data/xtal53_1_####.cbf"
    }
  ], 
  "beam": [
    {
      "direction": [
        -0.0032138355684753726, 
        -0.0, 
        0.9999948356171341
      ], 
      "polarization_normal": [
        0.0, 
        1.0, 
        0.0
      ], 
      "divergence": 0.0, 
      "polarization_fraction": 0.999, 
      "sigma_divergence": 0.0, 
      "wavelength": 0.96863
    }
  ], 
  "detector": [
    {
      "panels": [
        {
          "origin": [
            -215.4159699514763, 
            224.7034698334131, 
            -512.0031275814966
          ], 
          "fast_axis": [
            0.9999814800500479, 
            0.0007442150767327236, 
            0.006040339463595499
          ], 
          "name": "Panel", 
          "slow_axis": [
            0.0007523841926738932, 
            -0.9999988053478465, 
            -0.0013502669760327994
          ], 
          "mask": [
            [
              488, 
              1, 
              494, 
              2527
            ], 
            [
              982, 
              1, 
              988, 
              2527
            ], 
            [
              1476, 
              1, 
              1482, 
              2527
            ], 
            [
              1970, 
              1, 
              1976, 
              2527
            ], 
            [
              1, 
              196, 
              2463, 
              212
            ], 
            [
              1, 
              408, 
              2463, 
              424
            ], 
            [
              1, 
              620, 
              2463, 
              636
            ], 
            [
              1, 
              832, 
              2463, 
              848
            ], 
            [
              1, 
              1044, 
              2463, 
              1060
            ], 
            [
              1, 
              1256, 
              2463, 
              1272
            ], 
            [
              1, 
              1468, 
              2463, 
              1484
            ], 
            [
              1, 
              1680, 
              2463, 
              1696
            ], 
            [
              1, 
              1892, 
              2463, 
              1908
            ], 
            [
              1, 
              2104, 
              2463, 
              2120
            ], 
            [
              1, 
              2316, 
              2463, 
              2332
            ]
          ], 
          "trusted_range": [
            -1.0, 
            1810897.0
          ], 
          "image_size": [
            2463, 
            2527
          ], 
          "px_mm_strategy": {
            "type": "ParallaxCorrectedPxMmStrategy"
          }, 
          "type": "SENSOR_PAD", 
          "pixel_size": [
            0.17200000000000001, 
            0.17200000000000001
          ]
        }
      ]
    }
  ], 
  "goniometer": [
    {
      "fixed_rotation": [
        1.0, 
        0.0, 
        0.0, 
        0.0, 
        1.0, 
        0.0, 
        0.0, 
        0.0, 
        1.0
      ], 
      "rotation_axis": [
        1.0, 
        0.0, 
        0.0
      ]
    }
  ], 
  "scan": [
    {
      "exposure_time": [
        1.0, 
        1.0, 
        1.0, 
        1.0, 
        1.0, 
        1.0, 
        1.0, 
        1.0, 
        1.0, 
        1.0, 
        1.0, 
        1.0, 
        1.0, 
        1.0, 
        1.0, 
        1.0, 
        1.0, 
        1.0, 
        1.0, 
        1.0
      ], 
      "epochs": [
        1368981296.0, 
        1368981297.0, 
        1368981298.0, 
        1368981299.0, 
        1368981300.0, 
        1368981301.0, 
        1368981302.0, 
        1368981303.0, 
        1368981304.0, 
        1368981305.0, 
        1368981306.0, 
        1368981307.0, 
        1368981308.0, 
        1368981309.0, 
        1368981310.0, 
        1368981311.0, 
        1368981312.0, 
        1368981313.0, 
        1368981314.0, 
        1368981315.0
      ], 
      "image_range": [
        1, 
        20
      ], 
      "oscillation": [
        160.26000000000002, 
        0.05
      ]
    }
  ], 
  "crystal": [
    {
      "__id__": "crystal", 
      "real_space_a": [
        52.833126535179716, 
        59.47376943937817, 
        -44.051559262201216
      ], 
      "real_space_b": [
        -77.66127655881309, 
        -11.36699293055742, 
        -45.91868877934193
      ], 
      "real_space_c": [
        -18.363456235001056, 
        31.632677146531712, 
        83.25362211874238
      ], 
      "space_group_hall_symbol": " I 2 2 3 (y+z,x+z,x+y)", 
      "mosaicity": 0.0
    }, 
    {
      "__id__": "crystal", 
      "real_space_a": [
        -45.407122795183504, 
        -77.81818413141943, 
        -15.073823816716716
      ], 
      "real_space_b": [
        -46.960884931729694, 
        69.9751406214259, 
        -35.254102285355366
      ], 
      "real_space_c": [
        82.19238058920469, 
        -4.54357057836651, 
        -39.60385443343245
      ], 
      "space_group_hall_symbol": " I 2 2 3 (y+z,x+z,x+y)", 
      "mosaicity": 0.0
    }
  ]
}