{
  "__id__": "ExperimentList", 
  "experiment": [
    {
      "__id__": "Experiment", 
      "beam": 0, 
      "detector": 0, 
      "goniometer": 0, 
      "scan": 0, 
      "crystal": 0, 
      "imageset": 0
    }
  ], 
  "imageset": [
    {
      "__id__": "ImageSweep", 
      "template": "/data1/gw56/i24-poly/mx8423-66/CPV17/data/xtal90_1_####.cbf"
    }
  ], 
  "beam": [
    {
      "direction": [
        -0.0032138355684753726, 
        -0.0, 
        0.9999948356171341
      ], 
      "polarization_normal": [
        0.0, 
        1.0, 
        0.0
      ], 
      "divergence": 0.0, 
      "polarization_fraction": 0.999, 
      "sigma_divergence": 0.0, 
      "wavelength": 0.96863
    }
  ], 
  "detector": [
    {
      "panels": [
        {
          "origin": [
            -215.41596995147628, 
            224.70346983341304, 
            -512.0031275814958
          ], 
          "fast_axis": [
            0.9999814800500478, 
            0.0007442150767327239, 
            0.006040339463595502
          ], 
          "name": "Panel", 
          "slow_axis": [
            0.0007523841926738936, 
            -0.9999988053478465, 
            -0.0013502669760327994
          ], 
          "mask": [
            [
              488, 
              1, 
              494, 
              2527
            ], 
            [
              982, 
              1, 
              988, 
              2527
            ], 
            [
              1476, 
              1, 
              1482, 
              2527
            ], 
            [
              1970, 
              1, 
              1976, 
              2527
            ], 
            [
              1, 
              196, 
              2463, 
              212
            ], 
            [
              1, 
              408, 
              2463, 
              424
            ], 
            [
              1, 
              620, 
              2463, 
              636
            ], 
            [
              1, 
              832, 
              2463, 
              848
            ], 
            [
              1, 
              1044, 
              2463, 
              1060
            ], 
            [
              1, 
              1256, 
              2463, 
              1272
            ], 
            [
              1, 
              1468, 
              2463, 
              1484
            ], 
            [
              1, 
              1680, 
              2463, 
              1696
            ], 
            [
              1, 
              1892, 
              2463, 
              1908
            ], 
            [
              1, 
              2104, 
              2463, 
              2120
            ], 
            [
              1, 
              2316, 
              2463, 
              2332
            ]
          ], 
          "trusted_range": [
            -1.0, 
            1810897.0
          ], 
          "image_size": [
            2463, 
            2527
          ], 
          "px_mm_strategy": {
            "type": "ParallaxCorrectedPxMmStrategy"
          }, 
          "type": "SENSOR_PAD", 
          "pixel_size": [
            0.17200000000000001, 
            0.17200000000000001
          ]
        }
      ]
    }
  ], 
  "goniometer": [
    {
      "fixed_rotation": [
        1.0, 
        0.0, 
        0.0, 
        0.0, 
        1.0, 
        0.0, 
        0.0, 
        0.0, 
        1.0
      ], 
      "rotation_axis": [
        1.0, 
        0.0, 
        0.0
      ]
    }
  ], 
  "scan": [
    {
      "exposure_time": [
        1.5, 
        1.5, 
        1.5, 
        1.5, 
        1.5, 
        1.5, 
        1.5, 
        1.5, 
        1.5, 
        1.5, 
        1.5, 
        1.5, 
        1.5, 
        1.5, 
        1.5, 
        1.5, 
        1.5, 
        1.5, 
        1.5, 
        1.5
      ], 
      "epochs": [
        1368990933.0, 
        1368990935.0, 
        1368990936.0, 
        1368990938.0, 
        1368990939.0, 
        1368990941.0, 
        1368990942.0, 
        1368990944.0, 
        1368990945.0, 
        1368990947.0, 
        1368990948.0, 
        1368990950.0, 
        1368990951.0, 
        1368990953.0, 
        1368990954.0, 
        1368990956.0, 
        1368990957.0, 
        1368990959.0, 
        1368990960.0, 
        1368990962.0
      ], 
      "image_range": [
        1, 
        20
      ], 
      "oscillation": [
        160.26000000000002, 
        0.05
      ]
    }
  ], 
  "crystal": [
    {
      "__id__": "crystal", 
      "real_space_a": [
        47.5226311754203, 
        -10.751393691714517, 
        76.44114003084206
      ], 
      "real_space_b": [
        38.18185803212167, 
        -48.494245000119825, 
        -66.39047181973731
      ], 
      "real_space_c": [
        -0.6181552088532524, 
        87.64873592364643, 
        -23.120506146897682
      ], 
      "space_group_hall_symbol": " I 2 2 3 (y+z,x+z,x+y)", 
      "mosaicity": 0.0
    }
  ]
}